id,nome,email,telefone,cidade,estado,data_nascimento
1,Miguel da Paz,calebe57@gmail.com,11 2776-0037,Costela do Sul,AL,1944-12-24
2,Lucas Gabriel Costela,theopinto@uol.com.br,31 6040 9310,Santos Verde,RJ,1961-04-10
3,Sra. Valentina Rodrigues,cardosojoao-felipe@fogaca.br,(051) 4076-7608,da Conceição,MT,1959-06-24
4,Camila Vieira,agatha45@gmail.com,+55 (031) 5221 9140,Castro,BA,1984-05-03
5,Eduardo Freitas,da-cruzjoao-guilherme@bol.com.br,+55 (081) 2064 8928,Mendes,TO,2006-03-19
6,Vitor Hugo da Cunha,lrocha@ig.com.br,+55 (041) 1143-5789,Costa do Oeste,AC,1991-09-06
7,João Felipe da Mota,fogacadavi-lucca@moraes.com,+55 61 9348 7411,Barbosa,BA,1973-12-06
8,Maria Eduarda Gomes,duartebernardo@alves.com,(081) 9105 0569,Silva,AC,2003-08-17
9,Rafael da Luz,pietrafernandes@uol.com.br,(021) 6906 2405,Martins do Campo,MT,2004-02-11
10,Sophia da Paz,araujocamila@uol.com.br,+55 (031) 3694-0225,Mendes do Norte,PB,1975-08-22
11,Dr. Diogo Azevedo,qnascimento@bol.com.br,41 9217-4910,Campos da Praia,AC,1948-05-29
12,Nina Dias,ryanda-rocha@bol.com.br,+55 41 2438 0729,Moura do Campo,MA,1945-01-13
13,Dra. Maria Eduarda Barros,fariasdiogo@uol.com.br,+55 (084) 3580-1493,Almeida,MT,1991-10-29
14,Sr. João Miguel Silva,luiz-felipe84@vieira.com,0900 587 5307,Campos Verde,SE,2001-10-18
15,Luiz Gustavo Moreira,lsouza@ig.com.br,+55 (051) 5107 2940,Carvalho da Praia,RJ,1997-04-27
16,Benjamin Rodrigues,teixeirajoao-guilherme@da.br,+55 (021) 8483 6712,Moura da Praia,SP,1965-10-13
17,Srta. Maria Fernanda Castro,thomas89@moraes.com,41 4335-8224,Moraes de da Mota,RS,1961-09-01
18,Mariana das Neves,matheus68@uol.com.br,0900-295-8356,Carvalho,GO,1993-06-19
19,Sr. André das Neves,kaique67@bol.com.br,+55 31 6100 4392,Aragão da Prata,PB,1999-08-04
20,Vinicius Lima,diasian@correia.com,21 4014-8509,Gonçalves do Amparo,SE,1986-08-29
21,Rebeca Dias,moreiramaria@bol.com.br,41 8155 6363,Nascimento do Galho,RJ,1962-02-17
22,Gabriela da Rocha,fogacaluiza@hotmail.com,+55 (031) 0532 0853,Pinto do Amparo,RJ,1973-06-08
23,Maria Fogaça,piresvicente@goncalves.com,(031) 1395-4171,Alves de das Neves,SC,1975-02-22
24,João Pedro Gonçalves,clarice71@gmail.com,0800-906-4317,Teixeira,AL,1991-01-01
25,Thales Oliveira,camposmaria@teixeira.org,+55 (031) 8536 2021,Araújo,RO,1952-05-04
26,Nicole Gomes,nunesyasmin@campos.net,51 5165 7259,Pinto do Sul,BA,1984-07-30
27,Kaique Barros,lorena27@yahoo.com.br,+55 (011) 3237-6740,Pereira do Sul,PI,1964-07-01
28,Sr. Danilo da Mota,bsilva@fernandes.br,+55 (031) 6177-1779,Sales de Melo,DF,1969-10-14
29,Benício Gonçalves,fogacafrancisco@yahoo.com.br,(051) 8141-8465,Lima das Pedras,BA,1962-03-16
30,Letícia da Paz,helenaribeiro@ramos.com,51 0472 4676,Cunha,AC,1994-05-27
31,Marcelo Freitas,zrocha@silva.br,21 4696-2328,Nunes da Serra,RO,1979-03-17
32,Eduarda Caldeira,ana-luizacardoso@nogueira.com,(021) 8226 3630,Castro da Mata,PB,1986-01-20
33,Srta. Joana Freitas,qaraujo@hotmail.com,+55 21 0074-5123,Silveira do Campo,ES,1997-03-01
34,Sr. Rafael Araújo,laragao@gmail.com,+55 (051) 6804-7664,Silveira de Oliveira,TO,1984-06-29
35,Melissa Monteiro,carvalhoeduardo@uol.com.br,0900-964-3680,Azevedo do Amparo,RJ,1946-05-24
36,Vinicius Silva,alice52@yahoo.com.br,+55 21 8878-6903,Freitas do Sul,MG,2002-10-30
37,Dra. Luna Barbosa,fernando49@caldeira.br,(031) 5193 1942,Carvalho,AL,2006-08-11
38,Srta. Mirella da Luz,barrosdiogo@hotmail.com,+55 51 2411 4857,Silveira,ES,1956-12-11
39,Sr. Vitor Hugo Moraes,gomeslaura@gmail.com,(041) 6643 8389,Castro Verde,TO,1965-05-14
40,Murilo Farias,qferreira@hotmail.com,(011) 3547-0602,Correia,MT,1999-08-07
41,Dr. Yago da Rosa,novaesmarcos-vinicius@ig.com.br,(071) 7256 2690,da Rosa,SE,2002-07-29
42,Rafaela Porto,meloanthony@costela.br,0300-420-6406,Porto de Minas,SC,1996-04-21
43,Arthur Campos,lnunes@hotmail.com,41 8525-0415,Martins,RN,2006-12-05
44,Kevin Castro,mariacorreia@uol.com.br,+55 21 4545 9930,Pinto,MA,1948-04-17
45,Maria Sophia Gomes,yagoda-rosa@vieira.br,(031) 0814 0557,Alves de Oliveira,GO,1956-04-12
46,Ian Araújo,mda-rocha@ribeiro.br,11 4123 7486,Sales,AP,1971-06-22
47,Danilo Pinto,hgomes@cardoso.org,+55 (061) 8456 4771,Cardoso,MA,1991-02-26
48,Lorena Teixeira,rochamurilo@da.br,+55 11 9549 7328,Correia,MT,1951-06-10
49,Dr. Joaquim da Rosa,nascimentoluiz-miguel@costela.br,(011) 9297-0353,Fogaça da Serra,PE,1957-12-05
50,Maysa Dias,bernardoferreira@sales.com,0300 389 8292,Silveira de Duarte,MA,1947-08-06
51,Henrique Cardoso,fernandesana-carolina@costa.com,(071) 7738 3297,Teixeira,ES,1946-06-03
52,Carlos Eduardo Costela,thomasmonteiro@bol.com.br,21 7979-2895,Mendes,SC,2007-01-20
53,Isadora Castro,da-cruzstella@bol.com.br,51 6277 8335,Gomes,MA,1993-10-29
54,Felipe Aragão,sarahramos@ig.com.br,+55 (061) 7643 8484,Pires,PB,2001-03-03
55,Caroline Caldeira,wjesus@bol.com.br,(084) 3909-1494,Azevedo do Oeste,CE,1996-02-06
56,Lucas Duarte,lda-mata@bol.com.br,51 2132 0800,Monteiro,PA,1995-12-26
57,Srta. Maria Eduarda da Mota,santosmarina@novaes.br,+55 (061) 7691-4531,da Mota de Goiás,AP,1951-05-12
58,Luna Alves,marcelo45@da.br,61 9233 5360,Silveira do Galho,TO,1950-09-09
59,Manuela Campos,gabrielly38@ig.com.br,+55 31 6832 3571,Peixoto de Rezende,PI,1944-10-13
60,Sr. Pedro Moura,elisamoreira@yahoo.com.br,(021) 2469-7558,da Paz,MS,1985-10-02
61,Carolina da Paz,dsilveira@ig.com.br,+55 81 3469-6341,Gonçalves Verde,AL,2004-07-09
62,Sophie Vieira,dda-costa@nascimento.br,(084) 1484-1903,Novaes,RJ,1971-08-09
63,Fernanda Ramos,correiamelissa@hotmail.com,+55 84 9587 0610,Jesus,GO,2007-07-26
64,Ana Clara Castro,wcostela@bol.com.br,+55 (051) 0062-8887,Cunha,RS,1963-07-17
65,Vitor Hugo Santos,davi-lucca83@uol.com.br,+55 31 3946-3106,Gonçalves de Gonçalves,MT,1975-07-03
66,Bárbara Cunha,almeidasabrina@barros.br,51 4042 9697,Pereira,MT,1969-01-04
67,Ana Júlia Aragão,hteixeira@souza.br,0300 420 2914,Santos,BA,1976-02-07
68,Dr. Samuel Moreira,luizasales@gmail.com,31 9663-4934,Aragão,PI,1970-04-21
69,Theo Souza,luiz-otaviosilveira@uol.com.br,+55 41 6690 2786,Farias de Aragão,SE,1967-08-17
70,Benício Sales,gomesvitor-hugo@da.com,51 0241 3308,Nascimento,TO,1995-05-04
71,Dr. Vinicius Martins,silveiravitoria@martins.br,+55 21 5821 1263,da Mata,SE,1992-02-07
72,Dr. Benjamin da Paz,joao-vitor45@yahoo.com.br,0900 428 7574,Nunes,BA,1977-12-01
73,Kaique Rocha,jda-rosa@ig.com.br,61 7540 6510,Azevedo de Cunha,RJ,1983-02-26
74,Camila Ferreira,luccada-cunha@hotmail.com,0900 874 7188,Caldeira da Praia,PR,1981-07-29
75,Alice Alves,yuri27@bol.com.br,+55 51 0243 4473,da Luz do Sul,MA,1998-03-30
76,Lavínia Porto,juliapinto@yahoo.com.br,81 5116-1145,Rocha,RR,1958-06-27
77,Catarina Novaes,mpereira@gmail.com,+55 71 5181 5381,Nascimento,GO,1997-09-17
78,Pietro Duarte,daragao@pires.br,+55 (071) 9007-7338,da Mata,RS,1953-08-14
79,Natália da Paz,gomesstephany@castro.org,+55 (011) 5102 3198,Jesus,PE,2006-06-25
80,Marina Carvalho,fariaspaulo@goncalves.br,+55 61 1083 3483,Nascimento das Flores,DF,1960-08-26
81,Davi Lucas Caldeira,ufogaca@ig.com.br,+55 71 8301 6065,Barbosa,DF,1962-06-04
82,Dr. Marcos Vinicius Araújo,noah29@silveira.net,(061) 5813 5755,Souza,RR,1983-12-07
83,Ana Silva,ana-sophiamendes@da.com,+55 (061) 9876 2511,Silva de Cardoso,RN,2004-08-22
84,Erick Fogaça,fariasana-vitoria@uol.com.br,+55 41 1038-1613,da Cruz do Oeste,PB,1973-03-26
85,Srta. Cecília Lima,enzo-gabriel41@barros.com,+55 84 8608-2242,Peixoto,PA,1946-02-05
86,Esther Correia,da-luzsabrina@da.net,21 5445 0496,Costela,DF,1960-10-07
87,Dra. Maria Luiza Moreira,tda-conceicao@carvalho.br,84 0901 5993,Porto,MG,1947-12-08
88,Sra. Maria Eduarda Campos,fernanda00@monteiro.net,+55 41 2306-6787,Novaes,RS,2005-08-25
89,Srta. Julia Castro,esouza@bol.com.br,(031) 5021-2015,Rocha,PB,1976-07-20
90,Luiz Miguel da Rosa,yagogoncalves@cunha.com,+55 51 9827 6962,Moreira,BA,2000-03-21
91,Pedro da Rocha,zrezende@da.net,+55 61 5368-5167,Farias dos Dourados,AC,2004-07-04
92,Emanuelly Campos,meloana-livia@gmail.com,61 0374 9564,Cavalcanti,RJ,1971-06-28
93,Sr. Davi Lucca Rocha,barrosgabriel@bol.com.br,+55 51 0515 6918,Moura,TO,1961-07-16
94,Maria Fernanda da Cunha,duartemanuela@uol.com.br,+55 81 2732 4824,Almeida,RO,1977-04-12
95,Lara Vieira,emanuelrodrigues@correia.org,+55 31 2980 5389,das Neves,SE,1978-10-01
96,Dra. Ana Carolina Pires,heitorbarros@cardoso.br,+55 11 0360-9428,Freitas da Prata,PA,1952-05-28
97,Rafaela Vieira,ana-sophiapires@goncalves.org,+55 (041) 5909-9297,da Mata,RS,1990-11-03
98,Enzo Barbosa,isadora38@hotmail.com,+55 (031) 5810 4627,Cunha,SE,1998-04-08
99,Dra. Larissa Nunes,da-costagiovanna@duarte.com,0300 646 3153,Santos,RN,2005-07-30
100,Alexandre Novaes,iramos@bol.com.br,84 0767-8107,Pinto de Souza,AC,1994-03-11
